scope,dv,n_models,best_aicc,top_weight
Asia,Outbreak,4095,762.6984641161308,0.0023123815966961487
