scope,dv,n_models,best_aicc,top_weight
Europe,Outbreak,4095,604.034837018612,0.0036955248160256155
