scope,dv,n_models,best_aicc,top_weight
Africa,Outbreak,4095,1289.2505621730163,0.010833217456595684
