term,importance_weight
CLIMATIC_lag_avg,0.9986203675657089
ECONOMIC_lag_avg,0.7924576915209792
ECOLOGICAL__bin_lag_avg,0.07398823214538242
POISONING__bin_lag_avg,0.022016258621269783
GEOPHYSICAL_lag_avg,0.011731141185533115
INTERSTATE__bin_lag_avg,0.008202548349978026
INTRASTATE_lag_avg,0.0026588954903122336
TECHNOLOGICAL_lag_avg,0.0004759389030701586
TERRORISM_lag_avg,0.00036986448525141427
