scope,dv,n_models,best_aicc,top_weight
Europe,Outbreak,4095,641.9612333173271,0.004053821773628985
