term,importance_weight
CLIMATIC_lead_avg,0.9707991421384762
ECOLOGICAL__bin_lead_avg,0.5407759412977791
ECONOMIC_lead_avg,0.03394737243798871
INTERSTATE__bin_lead_avg,0.024884410287550014
GEOPHYSICAL_lead_avg,0.016635275529226164
INTRASTATE_lead_avg,0.015175257702963301
TECHNOLOGICAL_lead_avg,0.007249765995897176
POISONING__bin_lead_avg,0.0014336929038651055
TERRORISM_lead_avg,0.0002991199603311556
