scope,dv,n_models,best_aicc,top_weight
America,Outbreak,4095,599.7499818303996,0.0009424413756338522
