term,weight_sum,weighted_estimate,weighted_sd,weighted_std_error
INTERSTATE__bin_lead_avg,0.024884410287550014,3.7409698928871515,0.7070460058218232,2.415150763667866
INTRASTATE_lead_avg,0.015175257702963301,0.6111817280999318,0.12324831267525307,0.2960982897433045
POISONING__bin_lead_avg,0.0014336929038651055,0.17009052286596257,0.45796101251449317,1.1967153164686815
TECHNOLOGICAL_lead_avg,0.007249765995897176,0.1671223531021203,0.02415137823008559,0.05522028834649145
GEOPHYSICAL_lead_avg,0.016635275529226164,0.14658888840024722,0.064672163406639,0.23835881540128873
CLIMATIC_lead_avg,0.9707991421384762,0.07377081762121726,0.0018727012616248657,0.021174861967758116
ECONOMIC_lead_avg,0.03394737243798871,0.004786417737841187,0.008919472270802453,0.20859143996305418
TERRORISM_lead_avg,0.0002991199603311556,0.0017464078023113616,0.0006127381743882428,0.0024485391169544223
ECOLOGICAL__bin_lead_avg,0.5407759412977791,-1.8378801068208828,0.03227075140532861,1.0183587053510066
