term,weight_sum,weighted_estimate,weighted_sd,weighted_std_error
POISONING__bin_lag_avg,0.10462102943660373,1.156169733935791,1.135528666869073,1.0508721144611295
ECOLOGICAL__bin_lag_avg,0.08260435767562452,0.46832475437030363,0.052450715611548474,0.5935092788903626
ECONOMIC_lag_avg,0.4204368876752823,0.2125926470798632,0.009419635072841761,0.0915846976634511
GEOPHYSICAL_lag_avg,0.0589893029713238,0.11699958161947231,0.08943801285904303,0.10789439423551778
CLIMATIC_lag_avg,0.593885552695245,0.07360251193719425,0.021692982531961235,0.020817787181542535
TECHNOLOGICAL_lag_avg,0.8298589440422199,0.07245412344548068,0.013721924320269373,0.0168653049196306
INTRASTATE_lag_avg,0.03140819167355483,0.05535415316452687,0.022419523874207873,0.08628958279700204
TERRORISM_lag_avg,0.015103991588970793,-0.0005133891598344414,8.6865650341111e-05,0.0007000000000000003
INTERSTATE__bin_lag_avg,0.1602893161855971,-0.8620303743348641,0.15168487765491884,0.46167629273756133
