scope,dv,n_models,best_aicc,top_weight
Asia,Outbreak,4095,755.668215811819,0.0009568154394739847
