scope,dv,n_models,best_aicc,top_weight
Europe,Outbreak,4095,666.1203974525039,0.0015116154626037372
