term,importance_weight
CLIMATIC_lead_avg,0.9999994908090544
ECONOMIC_lead_avg,0.9210529486152055
ECOLOGICAL__bin_lead_avg,0.5247582797857919
INTRASTATE_lead_avg,0.10767436041621221
GEOPHYSICAL_lead_avg,0.03661412629420419
INTERSTATE__bin_lead_avg,0.025762765912958216
POISONING__bin_lead_avg,0.006367705280816487
TECHNOLOGICAL_lead_avg,0.002074394672985257
TERRORISM_lead_avg,0.0008631318114171165
