scope,dv,n_models,best_aicc,top_weight
Global,Outbreak,4095,3321.723766261769,0.004890938476601161
