term,weight_sum,weighted_estimate,weighted_sd,weighted_std_error
POISONING__bin_lead_avg,0.006367705280816487,0.46169614834765876,0.3170149541194342,0.8325862010990275
ECONOMIC_lead_avg,0.9210529486152055,0.29219703912721395,0.005272380326270371,0.10184608051663421
INTRASTATE_lead_avg,0.10767436041621221,0.1910490564216864,0.009807483486178938,0.08528320006233553
CLIMATIC_lead_avg,0.9999994908090544,0.11675073013315664,0.003710285281615044,0.017384883531155564
INTERSTATE__bin_lead_avg,0.025762765912958216,0.0507046514073663,0.13437632651259213,0.5299458383510379
GEOPHYSICAL_lead_avg,0.03661412629420419,0.014593103007231678,0.005787776272802508,0.09516010979074706
TECHNOLOGICAL_lead_avg,0.002074394672985257,0.013180096790242627,0.0023027668585221114,0.015201762516060239
TERRORISM_lead_avg,0.0008631318114171165,0.00020060882691671396,5.559259229780784e-05,0.0003000000257922557
ECOLOGICAL__bin_lead_avg,0.5247582797857919,-0.8587942562952665,0.3605178719146479,0.5140493858036252
