scope,dv,n_models,best_aicc,top_weight
Africa,Outbreak,4095,1269.5395058895765,0.003165837155089461
