term,importance_weight
CLIMATIC,0.7373754793265399
GEOPHYSICAL,0.32737937726601807
ECOLOGICAL__bin,0.17448130657503785
ECONOMIC,0.13027060751375924
INTERSTATE__bin,0.06328967675753844
TECHNOLOGICAL,0.04510959176336785
INTRASTATE,0.012678984622130705
POISONING__bin,0.005239859708286011
TERRORISM,0.004976522020976323
