scope,dv,n_models,best_aicc,top_weight
Asia,Outbreak,4095,812.9172732752073,0.0032813525388108626
