term,importance_weight
CLIMATIC_lag_avg,0.8170731611917879
ECOLOGICAL__bin_lag_avg,0.2598917129912212
ECONOMIC_lag_avg,0.18923865232776493
TECHNOLOGICAL_lag_avg,0.15494120356909902
INTRASTATE_lag_avg,0.13450038070041334
GEOPHYSICAL_lag_avg,0.05793991436703352
INTERSTATE__bin_lag_avg,0.038908909757990065
POISONING__bin_lag_avg,0.014409717225736505
TERRORISM_lag_avg,0.0052840563369433696
