term,importance_weight
GEOPHYSICAL,0.7301264169773363
GEOPHYSICAL__bin,0.7138116721277993
CLIMATIC,0.2559058710611908
ECOLOGICAL,0.10062156875712114
ECOLOGICAL__bin,0.07439404711757462
ECONOMIC,0.05630505781540764
INTRASTATE,0.029442244233967216
INTERSTATE,0.016849033969989945
INTERSTATE__bin,0.010682953189714276
POISONING,0.004724236893698183
POISONING__bin,0.0026111914008767776
TECHNOLOGICAL,0.002422838138840253
TERRORISM,0.0008433095163446836
