scope,dv,n_models,best_aicc,top_weight
Africa,Outbreak,4095,1340.0728170531384,0.006971662499329886
